"real","imag"
0.985086670689233,-0.0146763955271441
0.985086670689232,0.0146763955271442
0.000155227150451462,1.17806321451417e-18
8.82775550687281e-05,-5.72118364622197e-19
4.74638499515306e-05,5.52470385965217e-20
