"real","imag"
0.985081651907882,-0.0146736496040571
0.985081651907881,0.0146736496040571
0.00190921286367553,-3.44616019498496e-22
0.00023472100516966,-9.25400736899061e-17
0.000159159371251307,4.25490993070152e-17
