"real","imag"
0.911687380150955,-0.0813663194517087
0.911687380150957,0.081366319451709
0.00206136301656934,1.10807824477656e-20
0.000336050758935132,4.20272119442825e-22
5.76332349875628e-05,-0.000293683420675805
5.76332349875628e-05,0.000293683420675805
