"real","imag"
0.99256482037399,-0.00740315796630008
0.99256482037399,0.00740315796630011
0.000357227116608287,3.39924959494443e-21
0.000181125368907646,-4.59152690752324e-19
0.000112744536298832,1.77566623012691e-19
