"real","imag"
1,1.66533453693774e-16
1,-1.66533453693773e-16
