"real","imag"
0.955301952315771,-0.0422367864567599
0.955301952315771,0.0422367864567598
0.0353941473779926,4.25613970880261e-21
0.00341562590181872,-5.20915055087675e-17
0.000318158587111956,-0.000962477878639353
0.000318158587111954,0.000962477878639349
