"real","imag"
0.963050744971322,-0.0356126703598001
0.963050744971321,0.0356126703598001
6.79773501684644e-05,-1.05360144203889e-21
5.29865992653893e-05,7.9991699137981e-22
2.88366447386056e-05,-4.73508903317876e-23
