"real","imag"
0.851902014636716,-0.127748435878714
0.851902014636716,0.127748435878714
6.85896957767482e-05,-1.73217532885158e-16
1.868242579674e-05,1.10451498067392e-15
1.37869556945039e-05,-5.94510001732922e-16
