"real","imag"
0.997009320144442,-0.00295913408645465
0.997009320144442,0.00295913408645465
0.0121511045652468,-3.76798227655645e-23
0.00286051902354605,1.61490100652204e-24
0.00145800445380194,1.01955173418788e-26
