"real","imag"
0.997006793139409,-0.00296449774675458
0.997006793139409,0.00296449774675458
0.0194253279262643,-3.69138742835846e-23
0.000747210294593574,4.68510568929491e-23
0.000593380699418646,-2.95575394182849e-23
