"real","imag"
0.996280412187822,-0.00371770314381357
0.996280412187822,0.00371770314381357
0.0105215698432297,-7.60338410666737e-24
0.000374149785131914,1.28594045786008e-25
0.000176248796259368,-2.2840705227761e-26
