"real","imag"
0.996267730819991,-0.00370809902606097
0.996267730819989,0.00370809902606435
0.00661442162708003,-6.54149238950287e-19
0.0049310079326208,2.81883771231937e-19
0.000695730822218965,-3.21106645298567e-23
