"real","imag"
0.999258178920281,-0.000738618431473609
0.99925817892028,0.000738618431473609
0.0100164677709469,1.12420201960168e-16
0.00573678244016879,-4.51301405670749e-17
0.00197205875953662,9.7530042591004e-19
