"real","imag"
0.999628384595965,-0.00036832265544098
0.999628384595965,0.00036832265544098
0.0495647085211797,1.05344157169812e-22
0.0034827883013868,-8.669827334782e-21
0.00196231778107919,2.75233889546897e-21
