"real","imag"
0.780796034607231,-0.176296195090859
0.78079603460723,0.176296195090859
0.000882439825096089,-3.22929896471166e-22
0.000543922540944384,3.39658039704081e-23
0.000185481880674547,-0.000535019878682153
0.000185481880674547,0.000535019878682153
