"real","imag"
0.851701494976145,-0.127651022774762
0.851701494976144,0.127651022774762
3.50964061537078e-05,-5.05405366650417e-18
8.4136082012102e-06,-1.78520712537633e-15
3.77053535253746e-06,3.58592111696807e-16
