"real","imag"
0.998524736630714,-0.00149849761846106
0.998524736630714,0.00149849761846106
0.0314599910891944,-9.06554293522324e-22
0.0130123118130295,6.09421502227845e-15
0.0114201023749548,-4.69406209419065e-15
