"real","imag"
0.999073271823106,-0.000918957396281376
0.999073271823101,0.0009189573962883
0.00745729933834377,-5.9147556187158e-19
0.00206689936875006,1.75587110879644e-20
0.000738350420242355,-2.29173017336562e-22
