"real","imag"
0.992558067549401,-0.00740335165145956
0.992558067549401,0.00740335165145958
0.00119813277666779,-2.07105801498739e-22
0.00103466750159451,1.35519173858459e-22
0.000111305413359433,2.04212637750949e-28
