"real","imag"
0.996296130378182,-0.0036768852600059
0.996296130378182,0.00367688526000586
0.000873286250592032,4.16729317328402e-23
8.82479165788901e-05,6.26860754297573e-20
8.2538293541236e-05,-5.48369793197897e-20
