"real","imag"
1,2.22044604925032e-16
1,-2.22044604925031e-16
0.000683106841815712,0
