"real","imag"
0.999999999996463,7.99033061932197e-12
1.00000000000354,-7.99033061943311e-12
0.0320824006060448,-1.94242523092884e-27
