"real","imag"
1,-1.66533453693774e-16
1,2.22044604925031e-16
3.82098242728443e-05,-8.10457629319773e-26
