"real","imag"
0.99815254893924,-0.0018474972054496
0.99815254893924,0.0018474972054496
0.000883784214310763,-6.67947187822122e-23
0.000353161841107365,0.000171476353648859
0.000353161841107365,-0.000171476353648859
2.59644205903005e-05,-0.000135505273100528
2.59644205903005e-05,0.000135505273100528
