"real","imag"
1,0
1,0
0.859168022310016,0
-0.517477484686237,0.373289689826228
-0.517477484686237,-0.373289689826228
-1,0
-1,0
-1,0
-1,0
