"real","imag"
1.00000000008584,5.64508167277545e-11
0.999999999914167,-5.64508167341634e-11
0.725294650951947,2.17222032340169e-20
0.0687467141121919,0.0521205396675413
0.0687467141121919,-0.0521205396675412
