"real","imag"
0.997779005465767,0.00221607263690645
0.997779005465767,-0.00221607263690645
0.60470053405102,0.329554687819158
0.60470053405102,-0.329554687819158
