"real","imag"
0.99987744454521,-0.000125323145958
0.999877444286939,0.000125323145929991
0.621062260180759,0.31330000889036
0.621062260180735,-0.313300008890357
