"real","imag"
0.988895677178173,0.0109823636732362
0.988895677178173,-0.0109823636732362
-0.27041926520679,0.452601738987655
-0.27041926520679,-0.452601738987655
