"real","imag"
1,6.66133814775094e-16
0.999999999999992,9.99200722162626e-15
0.00796409952945935,-6.90597064518004e-19
0.000160896183089817,5.94252877949326e-24
4.40469453052539e-06,-9.82382663722534e-06
4.40469453052531e-06,9.82382663722544e-06
