"real","imag"
0.987671620733592,-0.0121383590053767
0.987671620733592,0.0121383590053768
0.000135818276431924,5.74314118825315e-05
0.00013581827643068,-5.74314118812503e-05
