"real","imag"
0.99975071516007,0.000240973384992409
0.999750715160046,-0.000240973384992394
0.301503832059974,0.35936039799049
0.301503832059974,-0.35936039799049
