"real","imag"
0.977795357606088,0.0217221924985196
0.977795357606088,-0.0217221924985196
-0.599800292366241,0.332169814784897
-0.599800292366241,-0.332169814784897
