"real","imag"
0.994447585118566,0.0055217553349368
0.994447585118566,-0.0055217553349368
0.1475720841584,0.472971478216652
0.1475720841584,-0.472971478216652
