"real","imag"
0.780809440209821,-0.176124990488838
0.780809440209821,0.176124990488838
0.000453817155285873,0.000279412502506217
0.000453817155285873,-0.000279412502506217
