"real","imag"
1,2.77555756156289e-16
1,-2.22044604925031e-16
0.00213143027773839,-2.57161009328596e-22
2.08504934279653e-05,1.97369625779037e-05
2.08504934279653e-05,-1.97369625779037e-05
