"real","imag"
0.99938300011737,0.000616619428442534
0.99938300011737,-0.000616619428442534
-0.27041926520679,0.452601738987655
-0.27041926520679,-0.452601738987655
