"real","imag"
0.999999999473376,1.00634711568992e-09
1.00000000052662,-1.00634711773015e-09
0.0642795606449051,-3.31608246016195e-22
0.00517874269451882,4.51793607933761e-22
0.000613448082909088,-0.000571415507252827
0.000613448082909088,0.000571415507252827
