"real","imag"
0.999691493408579,0.000318908974419192
0.999691493408579,-0.000318908974419192
0.161935607792421,0.305553172279519
0.161935607792421,-0.305553172279519
