"real","imag"
1,0
1,0
0.137980085348506,0
-0.95085834620774,0.0582269093368416
-0.95085834620774,-0.0582269093368416
-1,0
-1,0
-1,0
-1,0
