"real","imag"
0.995558043629128,0.00442231245892901
0.995558043629128,-0.00442231245892901
0.27782756900402,0.450976362907583
0.27782756900402,-0.450976362907583
