"real","imag"
0.998766000938382,0.00123247818353974
0.998766000938382,-0.00123247818353974
-0.599800292366241,0.332169814784897
-0.599800292366241,-0.332169814784897
