"real","imag"
1.00000000018878,2.23844115098623e-10
0.999999999811224,-2.23844075976193e-10
0.156304502606233,-2.46561179860281e-18
0.100063090419903,6.21303387219943e-19
0.00633080402770218,-3.38184441826301e-24
