"real","imag"
1.00000000013594,1.60172770952543e-10
0.999999999864063,-1.60171535318606e-10
0.184267365712375,-5.17621905037506e-17
0.0407009141973455,8.53368364035323e-17
0.000470752144626746,-1.13519449991002e-20
