"real","imag"
1.00000000074367,1.04191009354312e-09
0.999999999256331,-1.0419100876095e-09
0.137621631587578,-2.58043957287651e-17
0.0241124772599376,8.76799638575327e-19
0.00281968939800693,-1.18018231315653e-21
