"real","imag"
1,3.33066907387547e-16
1,-3.33066907387547e-16
0.000260238776190766,-1.09492123205646e-17
5.71975734356537e-05,2.65091708367551e-18
4.77274029747555e-05,-1.47748868329134e-18
