"real","imag"
0.996149595564938,-0.0036241735114522
0.996149595564938,0.0036241735114522
0.0302828746435935,6.71334419855266e-19
0.00205191420343756,0.0129180335415991
0.00205191420343756,-0.0129180335415991
0.0018103181298787,-0.0017471309277449
0.0018103181298787,0.0017471309277449
