"real","imag"
0.999999999999999,-1.11022302462515e-16
1,1.11022302462516e-16
0.000167531982583772,0
5.43065259842348e-05,-1.99845481721053e-29
5.19859945794215e-06,1.83131479843598e-31
