"real","imag"
0.999817725723328,-0.000178108274859917
0.999817725723328,0.000178108274859917
0.0232909060938746,3.56523057160437e-24
0.00145072970652041,0.0111430498454487
0.00145072970652041,-0.0111430498454487
0.000337807859364662,-0.000496553668055072
0.000337807859364667,0.000496553668055059
