"real","imag"
0.988914564817044,-0.0109258614225185
0.988914564817044,0.0109258614225185
0.0100134991412634,6.18305931339396e-23
0.000513651513967677,0.000912056561257576
0.000513651513967677,-0.000912056561257577
0.000389753491629394,-0.000142049691128869
0.000389753491629395,0.00014204969112887
