"real","imag"
1,5.55111512312578e-17
1,0
0.00249890316487039,-3.91493691967016e-22
0.00025925168215859,4.86622410474795e-25
1.98030324030074e-05,-2.24839273678049e-29
