"real","imag"
0.889936378174296,-0.0989030810687333
0.889936378174296,0.0989030810687333
0.00131685015480081,7.89645712840513e-24
7.28457533336582e-06,0.000134402275565792
7.28457533337504e-06,-0.000134402275565773
1.55125266040385e-05,-4.09765892848804e-05
1.55125266040372e-05,4.09765892848791e-05
