"real","imag"
0.981892054853287,-0.0177413349459553
0.981892054853289,0.0177413349459555
0.000180703792145394,-3.58282271273785e-24
3.66286068412522e-05,5.9309870808196e-05
3.66286068412522e-05,-5.9309870808196e-05
9.18249305371958e-06,-3.44900819681786e-06
9.18249305371812e-06,3.44900819681658e-06
