"real","imag"
0.999999999999998,-3.88578058618804e-16
1,4.44089209850064e-16
0.000191822679158019,2.54822245274147e-19
0.000102764836719168,-1.56554241042653e-19
8.58284180575528e-05,5.81882421417308e-20
