"real","imag"
0.999999999947486,-7.30147086920411e-11
1.00000000005251,7.30147198386619e-11
0.145868217833074,-2.51580195782063e-19
0.00851034068775189,2.78761324035646e-22
0.00148994835103385,-7.00716003637329e-24
