"real","imag"
0.999999921953145,1.16968679191962e-07
1.00000007804684,-1.16968712988507e-07
0.128077108642733,-4.46191147863144e-17
0.0016603140660482,2.843325140623e-20
0.00035804123255326,-1.32218794245126e-21
