"real","imag"
0.999999999998759,1.46193567234274e-11
1.00000000000124,-1.46193567234766e-11
0.377466239212907,-3.132040465079e-18
0.0575354690014768,1.25932939296442e-19
0.0266354303037666,-1.13938715485426e-20
