"real","imag"
0.997251839045365,-0.00277310673759182
0.997251839045365,0.00277310673759182
0.0476826122495049,-2.76550738833891e-21
0.00537887226494452,0.000259774706742317
0.00537887226494451,-0.000259774706742317
0.0019153526998849,-0.00201058670523066
0.0019153526998849,0.00201058670523066
