"real","imag"
0.999999999596629,-4.98002201548355e-10
1.00000000040337,4.98002212446283e-10
0.146143762543691,-5.77628017567885e-19
0.0965514782794619,8.27976616863904e-18
0.00034942437425798,-1.06374641617954e-22
