"real","imag"
0.999999999999997,9.76996261670132e-15
1,-9.76996261670144e-15
0.0122760739434207,0
0.000257344602159163,1.34629946067645e-27
0.000119054371134384,-2.88139126953271e-28
