"real","imag"
1,0
1,0
0.488095238095238,0
-0.235181644359465,0
-0.853479853479853,0
-1,0
-1,0
