"real","imag"
0.999638912468639,-0.000362978835389623
0.999638912468639,0.000362978835389623
0.0314806861231152,3.975578888981e-21
0.00208498233490805,0.00317628399335548
0.00208498233490814,-0.00317628399335545
0.000637407145542954,-0.00106287351984779
0.000637407145542995,0.00106287351984773
