"real","imag"
1.00000000000061,3.54821005747913e-11
0.999999999999391,-3.54821005747553e-11
0.392124173702941,1.22100885350583e-23
0.0304447176575277,-2.75591940057407e-26
0.00090377646037029,6.39975093477961e-31
