"real","imag"
1.00000000031472,3.70778877539409e-10
0.999999999685277,-3.707788380655e-10
0.15279765968136,-4.11795950391604e-15
0.125032456757671,2.76311412268708e-15
0.000223339174245917,-2.02906158381587e-23
