"real","imag"
0.999999934645597,9.5530398039903e-08
1.00000006535439,-9.55304209165645e-08
0.12445184469312,-3.43473990320705e-16
0.0245145234923079,1.23132341741555e-17
0.000609161435432075,-1.51945883660447e-22
