"real","imag"
0.999999919191112,1.18114369236158e-07
1.00000008080887,-1.18114404279397e-07
0.128333479642811,-5.23417412307834e-17
0.0163975523016894,1.14530900156461e-20
0.00031675615787471,-1.84800569131923e-27
